{"cameraMode":{"drawMode":0,"name":"Shaded","section":"Shading Mode"},"sceneLighting":true,"audioPlay":false,"sceneViewState":{"showFog":true,"showMaterialUpdate":true,"showSkybox":true,"showFlares":true,"showImageEffects":true,"showParticleSystems":true},"in2DMode":false,"pivot":{"x":-3.838550567626953,"y":3.0956029891967775,"z":1.1917133331298829},"rotation":{"x":-0.07853193581104279,"y":0.9204290509223938,"z":-0.2926176190376282,"w":-0.24702267348766328},"size":10.0,"orthographic":false}