{"cameraMode":{"drawMode":0,"name":"Shaded","section":"Shading Mode"},"sceneLighting":true,"audioPlay":false,"sceneViewState":{"showFog":true,"showMaterialUpdate":true,"showSkybox":true,"showFlares":true,"showImageEffects":true,"showParticleSystems":true},"in2DMode":false,"pivot":{"x":6.797076225280762,"y":22.393857955932618,"z":7.030958652496338},"rotation":{"x":-0.12731695175170899,"y":0.8569524884223938,"z":-0.43025824427604678,"w":-0.253579705953598},"size":10.0,"orthographic":false}